{"_step":4,"rm_loss":0.7720170617103577,"_wandb":{"runtime":17},"_runtime":17,"rm_acc":0.25,"_timestamp":1.7650544629760075e+09}