{"_wandb":{"runtime":411},"_runtime":411,"_timestamp":1.7650553209401705e+09,"_step":124,"rm_loss":0.5887472629547119,"rm_acc":0.75}