{"_runtime":109,"_step":99,"rm_loss":0.6140971779823303,"rm_acc":0.5,"_timestamp":1.7655718123539724e+09,"_wandb":{"runtime":109}}