{"rm_loss":0.8387808799743652,"rm_acc":0,"_timestamp":1.7650892909752963e+09,"_wandb":{"runtime":97},"_runtime":97,"_step":49}